series,fold_train_end,method,mase,smape,mae
M37099,271,SeasonalNaive,0.551777306967985,3.1338235390141396,30.166666666666668
M37099,271,Theta,0.739149564745462,4.230005291171491,40.410648018516376
M37099,271,ETS,0.6981410045642495,3.9887639272157824,38.16863561633117
M37099,271,ARIMA,0.6614453900605874,3.7736823945371163,36.162419780918604
M37099,271,ENSEMBLE,0.699578653123433,3.9972107601854043,38.247234471922056
M37099,289,SeasonalNaive,0.765359081778196,4.122980332784271,41.111111111111114
M37099,289,Theta,0.4390456543109453,2.3341049809236054,23.58325014618251
M37099,289,ETS,0.4591507951640908,2.4406194163194956,24.663193795113745
M37099,289,ARIMA,0.45173645474884677,2.400427582893748,24.264933971870366
M37099,289,ENSEMBLE,0.4459190467277573,2.3703803488714383,23.95245305509856
M3062,259,SeasonalNaive,0.9002648662998354,5.686414808609327,165.79277777777767
M3062,259,Theta,0.2601145707960724,1.5813329154469526,47.9026993578047
M3062,259,ETS,0.3660223106916601,2.2121719522853955,67.40666873697612
M3062,259,ARIMA,0.45949714666233465,2.768544011773793,84.62099452933555
M3062,259,ENSEMBLE,0.35394323486857243,2.141260003839528,65.1821861333963
M3062,277,SeasonalNaive,1.1025890296495715,6.19590721815665,198.03722222222217
M3062,277,Theta,0.985532925735096,5.495972404270511,177.01264729901064
M3062,277,ETS,0.8824074210172479,4.892358536274131,158.49016254231202
M3062,277,ARIMA,0.8795717356201712,4.875937481417554,157.98084198494018
M3062,277,ENSEMBLE,0.9131891884695668,5.071385147565953,164.0189094801308
M13277,66,SeasonalNaive,0.5209580838323353,1.352821843768057,37.05555555555556
M13277,66,Theta,0.17670806171079378,0.4546974176781333,12.5691789820585
M13277,66,ETS,0.38041809172590874,0.97333726108626,27.058997968874362
M13277,66,ARIMA,0.3838309536581251,0.9820299545981731,27.30175357408997
M13277,66,ENSEMBLE,0.2917571103013886,0.7478070351865937,20.752575197548772
M13277,84,SeasonalNaive,1.7557666214382632,3.8043712828662106,107.83333333333333
M13277,84,Theta,1.268269662577094,2.731573110748128,77.89289510994318
M13277,84,ETS,1.1821845606935268,2.5426835733722903,72.6058351025941
M13277,84,ARIMA,0.9770771601303863,2.094931959392214,60.00882225134122
M13277,84,ENSEMBLE,1.1407468138288104,2.4521099863009104,70.0608668159861
M17463,33,SeasonalNaive,1.4387063119457486,29.94112958055612,437.77777777777777
M17463,33,Theta,0.39314139666144204,10.471719195660642,119.62731069841023
M17463,33,ETS,0.631337688702842,17.798640385693275,192.1070395624362
M17463,33,ARIMA,0.32749314763165666,8.698848102593583,99.65148635077553
M17463,33,ENSEMBLE,0.44372839076762755,12.013865479963124,135.0202103335781
M17463,51,SeasonalNaive,1.177409728439272,37.31107273777823,337.22222222222223
M17463,51,Theta,0.9085035172343524,30.622856067769263,260.2047253207107
M17463,51,ETS,0.9175432871229288,30.868543904149394,262.79380813238754
M17463,51,ARIMA,0.9587047966601793,31.93784312030854,274.58288663318467
M17463,51,ENSEMBLE,0.925774800573537,31.086895780888817,265.15139801042073
M33608,379,SeasonalNaive,0.9568167478041081,12.664991964936254,156.55555555555554
M33608,379,Theta,0.44559437470992497,6.405997413693744,72.90871010069831
M33608,379,ETS,0.69446882333914,10.23140519935321,113.62985932613627
M33608,379,ARIMA,0.49177773605253633,7.022593845180576,80.46528957007834
M33608,379,ENSEMBLE,0.5142786350725475,7.412722449605273,84.14691487049427
M33608,397,SeasonalNaive,0.676388641887486,9.151867729729823,108.66666666666667
M33608,397,Theta,0.5097218727659616,6.718990542051695,81.89045973037148
M33608,397,ETS,0.6853590684788914,9.234583619099714,110.1078297730516
M33608,397,ARIMA,0.7936836560453339,10.77136148956616,127.51094851265462
M33608,397,ENSEMBLE,0.6611761069641146,8.861460834349948,106.22266427026331
M37349,175,SeasonalNaive,0.9685453762524361,4.53714251390166,446.1666666666667
M37349,175,Theta,0.29095918268782905,1.3244220845286443,134.03222178209217
M37349,175,ETS,0.3961818140036744,1.7885660931300054,182.50370471223252
M37349,175,ARIMA,0.9353758204500452,4.1614083753507956,430.8868971173776
M37349,175,ENSEMBLE,0.5258553513887807,2.3690475766416075,242.2386550290146
M37349,193,SeasonalNaive,0.2556771047932976,1.1231687118383562,114.27777777777777
M37349,193,Theta,0.36329340072864086,1.56799085119785,162.37810010467982
M37349,193,ETS,0.6611616091286815,2.8388903892873194,295.5136694945322
M37349,193,ARIMA,1.11791277631723,4.721516112194092,499.6637768180327
M37349,193,ENSEMBLE,0.7069471735952646,3.0252772366513176,315.97804609865693
M40267,25,SeasonalNaive,1.2458333333333333,9.404084313314204,230.0
M40267,25,Theta,1.2431356553649544,9.545747210232973,229.50196714429927
M40267,25,ETS,1.1437475732492488,8.716915807952457,211.15339813832284
M40267,25,ARIMA,1.1846407479510164,9.022390739220768,218.7029073140338
M40267,25,ENSEMBLE,1.1755126970994445,9.002329732333234,217.01772869528207
M40267,43,SeasonalNaive,1.6093869731800765,12.28049870888942,301.1111111111111
M40267,43,Theta,1.961146271390252,15.209036261769121,366.92414109882134
M40267,43,ETS,2.1879162502414613,17.278652391635646,409.3520726258218
M40267,43,ARIMA,2.223566908681161,17.709772251170087,416.0221958177656
M40267,43,ENSEMBLE,2.09310708158274,16.42667136457919,391.6135830058029
M20758,33,SeasonalNaive,0.8862367392518147,18.799880892857043,503.8888888888889
M20758,33,Theta,0.20134748393702856,4.891406538163133,114.48042658133909
M20758,33,ETS,0.39665530234646357,10.9757571502969,225.5268719055607
M20758,33,ARIMA,0.29897320576052727,7.309015658371853,169.98762270384265
M20758,33,ENSEMBLE,0.2512089799362092,6.317343944239148,142.8302485923018
M20758,51,SeasonalNaive,0.9873698583376003,22.131362173515114,494.44444444444446
M20758,51,Theta,0.3157040329699083,8.217504483507733,158.09486574108485
M20758,51,ETS,0.3124820499639902,9.258243091616107,156.4813957896597
M20758,51,ARIMA,0.26116265200190225,7.352252201036409,130.7822203486449
M20758,51,ENSEMBLE,0.22760990037796305,6.30981731837092,113.98003472773381
M21268,150,SeasonalNaive,0.6468456794567226,6.747982963201213,651.1111111111111
M21268,150,Theta,1.05332086169097,10.685967802396055,1060.2666731702366
M21268,150,ETS,1.0628390005910937,10.934848440122686,1069.8475766094843
M21268,150,ARIMA,1.2124197130124283,12.361891940065297,1220.414654598235
M21268,150,ENSEMBLE,1.0794785349257705,11.076842471301859,1086.5968354097013
M21268,168,SeasonalNaive,1.5434253951710961,18.673975757256972,1518.888888888889
M21268,168,Theta,0.9090362207331474,11.74335665220394,894.5848756855947
M21268,168,ETS,1.0338577525105659,13.195254976302268,1017.4220651629621
M21268,168,ARIMA,0.7277934346898465,9.64901042943132,716.2233852152899
M21268,168,ENSEMBLE,0.8537936725954504,11.182639383551285,840.2205424157278
M23994,396,SeasonalNaive,0.6146349632414656,0.8548330123627724,79.32211333333332
M23994,396,Theta,1.0673470489114831,1.4914604162587635,137.74716481023603
M23994,396,ETS,1.1011177266194003,1.5391214306859446,142.105461498019
M23994,396,ARIMA,0.823650889988577,1.148437754342476,106.2967991573687
M23994,396,ENSEMBLE,0.9875383210807052,1.3789746538496355,127.44739774102183
M23994,414,SeasonalNaive,1.1019761604383953,1.5057553727399475,139.90220055555568
M23994,414,Theta,1.056932836365326,1.4435233813119943,134.18369194857053
M23994,414,ETS,1.0475151981250561,1.4306816475239497,132.98806870266858
M23994,414,ARIMA,0.9362174191147395,1.278282318426399,118.8581766419413
M23994,414,ENSEMBLE,1.008402937443469,1.3772162300743451,128.0225426463883
M46573,85,SeasonalNaive,1.6904215147691708,39.322046509046345,3424.719595555556
M46573,85,Theta,1.812595696615111,35.18212384007083,3672.239111240314
M46573,85,ETS,2.1003862701051736,39.68310647859402,4255.290147822851
M46573,85,ARIMA,2.888528056904275,49.562779959771156,5852.030722729475
M46573,85,ENSEMBLE,2.219140208285657,41.08703214960437,4495.880400362101
M46573,103,SeasonalNaive,2.903620953959863,39.78830250067867,6481.245525555554
M46573,103,Theta,2.777896660452865,35.140534088416,6200.613160771645
M46573,103,ETS,2.844556494500496,36.73406175544217,6349.406256704599
M46573,103,ARIMA,2.9109244057494426,37.61372948786076,6497.547744399845
M46573,103,ENSEMBLE,2.836787899538086,36.42612912556879,6332.065780058945
M41172,149,SeasonalNaive,0.2571100400618987,0.47082678634006075,23.52961111111113
M41172,149,Theta,0.15533953661319483,0.28325386365604477,14.216009945814372
M41172,149,ETS,0.5985273963614989,1.0849447270815427,54.77466719052068
M41172,149,ARIMA,0.10740665717749807,0.1959219661884396,9.829397846628378
M41172,149,ENSEMBLE,0.2523600086907751,0.4598478476763918,23.094908557678334
M41172,167,SeasonalNaive,0.6220078260835374,1.062357013533051,52.515611111111056
M41172,167,Theta,0.817849032309471,1.3908387617428497,69.05032368932669
M41172,167,ETS,0.6433216761219224,1.0929961375716761,54.31512200624573
M41172,167,ARIMA,0.7695037325127305,1.3101260768188117,64.9685696394432
M41172,167,ENSEMBLE,0.663592824189314,1.131893601203228,56.026598428312354
M9659,33,SeasonalNaive,2.3056790123456787,61.70050521900472,741.1111111111111
M9659,33,Theta,0.3500083022328033,13.66513599513408,112.50266857482964
M9659,33,ETS,1.2774093952722791,90.13750818970531,410.59587705180405
M9659,33,ARIMA,2.404790252929651,139.2243322062321,772.9682955845308
M9659,33,ENSEMBLE,1.134009818168477,73.97261703674143,364.50315583986765
M9659,51,SeasonalNaive,0.27360637087599543,13.288660664291577,102.77777777777777
M9659,51,Theta,0.4584290939891173,24.975008744544382,172.20477504975815
M9659,51,ETS,1.0025621090193744,71.32328773032411,376.60345890086757
M9659,51,ARIMA,0.30002421703759274,15.472818534570909,112.70140460514702
M9659,51,ENSEMBLE,0.5824570557336194,33.93853486390596,218.79476580762883
M19300,33,SeasonalNaive,1.778112449799197,48.59249915346693,1405.5555555555557
M19300,33,Theta,0.6304197621994312,20.64602466106421,498.3318120243123
M19300,33,ETS,0.556737925662019,18.34458560658309,440.0880745709293
M19300,33,ARIMA,0.8162919236048854,25.69907188602378,645.2593300876714
M19300,33,ENSEMBLE,0.6318072891245107,20.341714743276917,499.4286190222322
M19300,51,SeasonalNaive,0.5462700661000944,21.003192448759968,494.44444444444446
M19300,51,Theta,1.0375302456288977,42.85270515956068,939.0978889923099
M19300,51,ETS,0.8789495737125195,35.68469846857252,795.5620500526137
M19300,51,ARIMA,0.6869208049738453,26.424347032899284,621.7513952711985
M19300,51,ENSEMBLE,0.8585157632489011,34.15073692395924,777.0668318637489
M46776,31,SeasonalNaive,1.3525282439398927,47.215837870594235,3605.5555555555557
M46776,31,Theta,0.8121837657556812,33.21547335546776,2165.1109334486973
M46776,31,ETS,0.9939020437973369,39.898071501156544,2649.533606228164
M46776,31,ARIMA,1.1494704234440416,45.14132234012757,3064.246155128458
M46776,31,ENSEMBLE,0.9808790241451945,39.74184046321537,2614.8169775239
M46776,49,SeasonalNaive,0.45800758114190954,18.998688184810323,1161.111111111111
M46776,49,Theta,0.6168556576402644,27.806825895732484,1563.8124509907243
M46776,49,ETS,0.84019665064087,41.68021178163069,2130.01204946253
M46776,49,ARIMA,0.46681832021979597,19.16901388436018,1183.4475253139692
M46776,49,ENSEMBLE,0.5509526115329306,24.224654600706454,1396.7393232915917
M35276,326,SeasonalNaive,1.576368109581754,4.630951699146349,419.44444444444446
M35276,326,Theta,2.3438887627291907,6.88007381928463,623.6684908472098
M35276,326,ETS,1.1368112927026814,3.3105963737969533,302.4859347302836
M35276,326,ARIMA,1.42153041929392,4.144102685532498,378.2447978726338
M35276,326,ENSEMBLE,1.5796483739308618,4.5978899690763955,420.31726637555255
M35276,344,SeasonalNaive,1.36339969933634,3.8557521023822385,373.3333333333333
M35276,344,Theta,0.5087256789975066,1.4501259746443003,139.30196228211844
M35276,344,ETS,0.3649279761112798,0.9977984634998344,99.92651297673628
M35276,344,ARIMA,0.41403840228726146,1.1571267716398306,113.3741902166715
M35276,344,ENSEMBLE,0.3984822101617457,1.1172125691418922,109.1145112223021
M4279,316,SeasonalNaive,1.0489562175859155,5.277302965621704,653.7905633333332
M4279,316,Theta,1.8100022529031492,8.773776967505574,1128.1332554408812
M4279,316,ETS,2.0173166051084284,10.115499248725975,1257.3475780627623
M4279,316,ARIMA,2.0120885006454485,10.118284718707633,1254.0890194072983
M4279,316,ENSEMBLE,1.913429463142961,9.572957711725017,1192.5970842575907
M4279,334,SeasonalNaive,1.4250642765869217,6.834426645920608,883.3876905555554
M4279,334,Theta,1.279658542060223,6.219622327736802,793.2516608146964
M4279,334,ETS,0.9543991053345195,4.684181546411762,591.6255395504081
M4279,334,ARIMA,0.8110580882521954,3.96250499606634,502.769414165305
M4279,334,ENSEMBLE,0.9608800273280751,4.673356302395571,595.6430191873756
M3259,236,SeasonalNaive,0.8785550041579747,4.269786179016636,339.05555555555554
M3259,236,Theta,0.6928471213424321,3.3456558713783284,267.3864066905769
M3259,236,ETS,0.6165714384874578,3.0549704181029598,237.94978188805922
M3259,236,ARIMA,0.7190657490593267,3.56386188075197,277.5048071827305
M3259,236,ENSEMBLE,0.5441131383798101,2.6891064939194056,209.9863771139261
M3259,254,SeasonalNaive,4.237663362008548,18.445808168040955,1637.9444444444443
M3259,254,Theta,2.689049635043198,11.299421934938787,1039.373242820953
M3259,254,ETS,2.6233912789298435,10.939359891567447,1013.994931605536
M3259,254,ARIMA,2.287546420409943,9.466012520484657,884.1839548442366
M3259,254,ENSEMBLE,2.5333291114609953,10.556994457999764,979.184043090242
M26602,246,SeasonalNaive,0.6153846153846154,1.1083178092142987,66.66666666666667
M26602,246,Theta,0.7292240392343976,1.310138943738852,78.99927091705973
M26602,246,ETS,0.6634453634026707,1.1928254344451892,71.87324770195599
M26602,246,ARIMA,0.8063733618401887,1.447223310894249,87.35711419935377
M26602,246,ENSEMBLE,0.7271924143307987,1.3064916297587739,78.77917821916986
M26602,264,SeasonalNaive,0.7870439314966493,1.388192348689144,83.88888888888889
M26602,264,Theta,0.44582168375155273,0.7824969068729236,47.51893026018534
M26602,264,ETS,0.44914300343960245,0.7882750459416455,47.87294076344334
M26602,264,ARIMA,0.48899025843296,0.8576210697842439,52.12015214884645
M26602,264,ENSEMBLE,0.4479655008767247,0.7861363488854567,47.74743394265407
M24609,298,SeasonalNaive,0.6727170797668973,6.327690569133318,127.52257805555558
M24609,298,Theta,0.44413150380079913,4.232561072967754,84.19110509278858
M24609,298,ETS,0.31118357811445413,3.0453890594676185,58.98903613902304
M24609,298,ARIMA,0.26289246287499074,2.4912331319971934,49.83480518854952
M24609,298,ENSEMBLE,0.2871350396293616,2.7371614098729062,54.43031194675206
M24609,316,SeasonalNaive,0.9538434909803323,9.613213898543622,176.22965138888887
M24609,316,Theta,0.6290611062440141,6.506352263031348,116.22369969915457
M24609,316,ETS,0.43072038184058936,4.420691852948319,79.5787814831577
M24609,316,ARIMA,0.5631177742227774,5.792715607870659,104.04018057529872
M24609,316,ENSEMBLE,0.5409664207691268,5.58427267663051,99.94755391920363
M31377,204,SeasonalNaive,0.4364965291050268,12.26906336948763,200.9066666666667
M31377,204,Theta,0.27436529057624615,7.479748331518138,126.2823695109887
M31377,204,ETS,0.33267512586962594,8.766457043113071,153.1206920669432
M31377,204,ARIMA,0.38829580683582554,11.23413760246717,178.7212750396443
M31377,204,ENSEMBLE,0.3071662266805786,8.583708109563178,141.3796871226074
M31377,222,SeasonalNaive,0.5797516618019648,13.906536689987197,254.37277777777777
M31377,222,Theta,0.6721351791261713,16.38865201102051,294.90711941226033
M31377,222,ETS,1.0653115867828773,27.833537997663687,467.4178366070434
M31377,222,ARIMA,1.2146529037482527,32.54016375580034,532.9430746294752
M31377,222,ENSEMBLE,0.9840332232191004,25.335942541556285,431.7560102162596
M35676,182,SeasonalNaive,1.8067632850241546,13.118933796000649,855.5555555555555
M35676,182,Theta,1.34751084989271,10.114600309059998,638.0860200962538
M35676,182,ETS,1.625270312708481,12.024244147227218,769.6132951354866
M35676,182,ARIMA,1.59346912269415,11.805842903890856,754.5544963345827
M35676,182,ENSEMBLE,1.5196347651858255,11.30439132403372,719.5917564556408
M35676,200,SeasonalNaive,1.9702274621888771,15.10652253739756,977.7777777777778
M35676,200,Theta,1.7126838545363692,12.928285771048795,849.9649129161875
M35676,200,ETS,2.579753557402333,20.2379576778686,1280.2713133278598
M35676,200,ARIMA,1.668646956553617,12.572231568738935,828.1104310981514
M35676,200,ENSEMBLE,1.987028122830773,15.16517688322058,986.1155524473995
M37691,151,SeasonalNaive,0.41403127050305727,1.5764668133886333,157.88888888888889
M37691,151,Theta,0.6238378249750678,2.3712702780451966,237.897637327003
M37691,151,ETS,0.6761972419999902,2.546692880717225,257.86465616326245
M37691,151,ARIMA,0.3683317866856299,1.3902154055211107,140.46160443773513
M37691,151,ENSEMBLE,0.4031017284900016,1.5411775820967077,153.72095915157922
M37691,169,SeasonalNaive,0.5985638550166009,2.1007705214261296,211.66666666666666
M37691,169,Theta,0.9648344319577099,3.3824073489310225,341.18880782076496
M37691,169,ETS,1.1300171391701186,3.91999514710838,399.6014111438587
M37691,169,ARIMA,0.6872672038614225,2.406864548368312,243.03431777823133
M37691,169,ENSEMBLE,0.912533559434083,3.1899011828189265,322.69395341541946
M41160,270,SeasonalNaive,0.19302806144178605,1.2342840649448932,87.13671111111096
M41160,270,Theta,0.6454945083872694,4.063555370258274,291.38907618420546
M41160,270,ETS,0.5013634715594241,3.1620603486905523,226.32545577375822
M41160,270,ARIMA,0.6834973418905967,4.289459636258499,308.54431205845555
M41160,270,ENSEMBLE,0.6079301302836554,3.8277492149892915,274.4317678092762
M41160,288,SeasonalNaive,0.5906984848730964,3.5212412677972895,252.60440555555553
M41160,288,Theta,0.2884209569685708,1.6955087809892482,123.33941300097038
M41160,288,ETS,0.21619728489245205,1.2745284875215876,92.45391351344955
M41160,288,ARIMA,0.21344980887151102,1.2481820915456172,91.27899167968684
M41160,288,ENSEMBLE,0.1989357757953868,1.1627867456331533,85.07225712509307
M33432,46,SeasonalNaive,0.7974047823993893,31.984033954065687,2335.7219333333333
M33432,46,Theta,0.33222351125925087,15.49329959331511,973.1340457757457
M33432,46,ETS,1.0749731310828152,70.65095190289873,3148.7625550213443
M33432,46,ARIMA,0.3940394782025762,18.100028299853832,1154.2025733374683
M33432,46,ENSEMBLE,0.3970394111924362,18.28295181773719,1162.9898410308751
M33432,64,SeasonalNaive,0.7543773136785688,29.776763930231116,2014.6083555555551
M33432,64,Theta,0.6042914210257744,22.130102689887238,1613.7952771307612
M33432,64,ETS,0.6533668367953471,24.46748109878283,1744.8540203737616
M33432,64,ARIMA,0.6585850062051544,23.98790630314088,1758.7894443361283
M33432,64,ENSEMBLE,0.6105256252547515,22.49329007610259,1630.4440809882012
M7927,33,SeasonalNaive,1.1666666666666667,51.74244871023923,684.4444444444445
M7927,33,Theta,0.253731674536632,15.579161793104738,148.8559157281574
M7927,33,ETS,0.8329129775155972,80.99917658962023,488.6422801424837
M7927,33,ARIMA,1.8451546760126962,137.34859456842645,1082.4907432607818
M7927,33,ENSEMBLE,0.8392250653426714,81.92226700520101,492.34537166770053
M7927,51,SeasonalNaive,0.3284080076263108,18.28549678342841,176.66666666666666
M7927,51,Theta,0.49981762190952367,37.59766034999038,268.87624891440527
M7927,51,ETS,0.4617675309299917,37.3082309090771,248.40725125413397
M7927,51,ARIMA,0.34721786397730214,25.95861668915164,186.78540477548202
M7927,51,ENSEMBLE,0.4357208915817963,33.135784651030775,234.3954950098996
M4420,348,SeasonalNaive,1.6045307443365697,27.33767175757849,413.1666666666667
M4420,348,Theta,2.2040557007275785,39.369224515803744,567.5443429373514
M4420,348,ETS,2.273997957382933,41.075373129013386,585.5544740261053
M4420,348,ARIMA,2.269418867329283,40.944545884323226,584.3753583372903
M4420,348,ENSEMBLE,2.249157508479931,40.45689029059687,579.1580584335823
M4420,366,SeasonalNaive,0.7394720661204295,11.028683889907992,194.77777777777777
M4420,366,Theta,0.45822095283836467,6.2279504061846875,120.69591674141378
M4420,366,ETS,0.4688266402015481,6.377383454836165,123.48946677670382
M4420,366,ARIMA,0.47030489511172535,6.39611473047325,123.87884079038905
M4420,366,ENSEMBLE,0.45970962305579294,6.246555429895205,121.08803415879763
M26160,166,SeasonalNaive,1.2360723430169571,2.9690975018114556,210.21316722222238
M26160,166,Theta,1.4093042309577013,3.394777277633511,239.67392171093388
M26160,166,ETS,1.5464989710963548,3.7176272981415446,263.00600337565606
M26160,166,ARIMA,1.253071549972704,3.0240303286875516,213.10414456236063
M26160,166,ENSEMBLE,1.3935461727099212,3.3571219480772028,236.9940208521759
M26160,184,SeasonalNaive,0.9203383843909533,2.3145192654404916,162.44202777777798
M26160,184,Theta,1.1110571661721125,2.8009140243606327,196.10436999155075
M26160,184,ETS,0.9415361245086511,2.366849232543171,166.18348195096658
M26160,184,ARIMA,0.7772756924286784,1.9481884295614915,137.19110466532024
M26160,184,ENSEMBLE,0.9109394462485092,2.2881972046717305,160.7830916769797
M36369,194,SeasonalNaive,1.4211050469333195,46.2396445688724,2539.4444444444443
M36369,194,Theta,0.44767897631929887,11.861199074772426,799.9801927112306
M36369,194,ETS,0.2576326403696598,6.6203779503608855,460.37678826495943
M36369,194,ARIMA,0.35561229790778387,9.280220395177828,635.4615911376869
M36369,194,ENSEMBLE,0.3536413048655808,9.215541447877662,631.9395240379589
M36369,212,SeasonalNaive,0.4031285618834257,9.681560773103131,712.2777777777778
M36369,212,Theta,0.33878241455302516,8.081995017109271,598.5861787133763
M36369,212,ETS,0.37462206233036127,8.885293251177318,661.9103563799571
M36369,212,ARIMA,0.4672633771354979,11.553984467351365,825.5959794762829
M36369,212,ENSEMBLE,0.34722787587711024,8.313516684400158,613.5082531903691
M36494,204,SeasonalNaive,0.7258110824002296,5.817499294108628,87.77777777777777
M36494,204,Theta,0.18843062844686448,1.4697870710653276,22.78832912779267
M36494,204,ETS,0.13790301576419942,1.0586359380789265,16.677645968982866
M36494,204,ARIMA,0.1154547092911923,0.8886081423339094,13.962803904903568
M36494,204,ENSEMBLE,0.053779810025313124,0.418837069415103,6.503995774936306
M36494,222,SeasonalNaive,0.45901639344262296,3.369413019410086,53.333333333333336
M36494,222,Theta,0.12425472885924761,0.8905952323238348,14.437216115074484
M36494,222,ETS,0.4404729999284748,3.105537431137998,51.17876761073707
M36494,222,ARIMA,0.4160383020370669,2.937216783974889,48.33968842716396
M36494,222,ENSEMBLE,0.3269220102749297,2.3179786114544894,37.98522405099183
M30879,394,SeasonalNaive,1.229129574959851,7.896514639333688,565.6666666666666
M30879,394,Theta,1.4156591785181225,8.916742584928894,651.5108129869673
M30879,394,ETS,8.150987411768483,39.72609996804677,3751.225235474174
M30879,394,ARIMA,4.7013271435566475,26.102136173921828,2163.631978582956
M30879,394,ENSEMBLE,4.622862598376158,25.56696204711365,2127.5212392207427
M30879,412,SeasonalNaive,0.8314656119534168,5.568833993287807,394.1666666666667
M30879,412,Theta,0.7035349186447779,4.676238165343763,333.51952237004
M30879,412,ETS,0.6144137201691744,4.065192685411881,291.2705042176992
M30879,412,ARIMA,0.39013500168505755,2.5383286787346577,184.9483742363226
M30879,412,ENSEMBLE,0.4476748783967554,2.931035566131105,212.22587203996187
M42590,139,SeasonalNaive,1.0747380366024433,1.6897470794717941,38.94444444444444
M42590,139,Theta,0.564414395531491,0.8831010712964178,20.452244474298595
M42590,139,ETS,0.5755276402423636,0.9003282320846461,20.854946459805962
M42590,139,ARIMA,0.7469689228272118,1.1710465599516537,27.067330573628574
M42590,139,ENSEMBLE,0.5395263846455134,0.84464804046784,19.550397024713803
M42590,157,SeasonalNaive,1.2080982947545875,1.843255384116957,42.833333333333336
M42590,157,Theta,0.723146890618093,1.0961257446215074,25.639297687362866
M42590,157,ETS,0.710599243554614,1.076938821721651,25.194418697339795
M42590,157,ARIMA,1.1168407544794832,1.6994124316878039,39.597781508820844
M42590,157,ENSEMBLE,0.8391822157319158,1.273453008088691,29.75335014536399
M25241,166,SeasonalNaive,1.3749927372728394,6.482022598255251,81.38734761111112
M25241,166,Theta,0.8230131262351728,3.816157228119457,48.71506123462374
M25241,166,ETS,0.7810928946436592,3.6184469139054247,46.23375615715568
M25241,166,ARIMA,0.8668194817333864,4.025563218662116,51.30800808144157
M25241,166,ENSEMBLE,0.8236418342040733,3.8196026021564586,48.752275157740364
M25241,184,SeasonalNaive,1.2644096897262465,5.7126151507737974,74.83972844444446
M25241,184,Theta,0.5252418801366858,2.3048503710775172,31.08878395703348
M25241,184,ETS,0.5856421597526146,2.566805581509883,34.66384397211713
M25241,184,ARIMA,0.5879775774747291,2.5760350808754913,34.802076089086455
M25241,184,ENSEMBLE,0.5587469782971327,2.4501422438161873,33.071932669200656
M9340,33,SeasonalNaive,1.247272727272727,27.27551053786595,1633.3333333333333
M9340,33,Theta,1.0839173220729883,24.337944803527545,1419.415540809866
M9340,33,ETS,0.9870352411007428,22.448614797461566,1292.5461490604966
M9340,33,ARIMA,0.9404074928547238,21.53142236659089,1231.4860025478526
M9340,33,ENSEMBLE,0.9982872661808249,22.67505306806995,1307.2809438082231
M9340,51,SeasonalNaive,0.9211576846307385,30.107854260011393,1183.3333333333333
M9340,51,Theta,0.5710024563645685,21.1343734764106,733.5185400990995
M9340,51,ETS,0.5529527289934433,20.57626799874149,710.3315826300386
M9340,51,ARIMA,0.5480383589187006,20.411260106985893,704.0185072263307
M9340,51,ENSEMBLE,0.5543311468622985,20.637052365078723,712.1023194307987
M37482,198,SeasonalNaive,1.8228808535862477,6.113438990180164,578.6666666666666
M37482,198,Theta,0.3400000884456308,1.1085429160313318,107.93174850684015
M37482,198,ETS,1.8684852903788043,5.833610455213478,593.1436234968629
M37482,198,ARIMA,1.1199031815071498,3.5507352883875236,355.50905028005195
M37482,198,ENSEMBLE,0.97658328781225,3.1088535410504736,310.01268940255
M37482,216,SeasonalNaive,0.3346895471446945,1.1009125160034747,109.27777777777777
M37482,216,Theta,0.475831509529127,1.5482040217637505,155.36132036865962
M37482,216,ETS,0.6330486028670518,2.0508895675753362,206.69347201551824
M37482,216,ARIMA,1.2374025149145398,3.9575406084389777,404.01798681819974
M37482,216,ENSEMBLE,0.7703924540722082,2.488280932019606,251.5369126881744
M42852,115,SeasonalNaive,0.9946009095375811,15.64187839258988,210.86227777777782
M42852,115,Theta,0.7812432119105385,12.695480637567943,165.62896894843308
M42852,115,ETS,0.9717994766487689,15.099778707546298,206.0282161663045
M42852,115,ARIMA,0.7814586467626812,12.75877187253888,165.6746426283985
M42852,115,ENSEMBLE,0.8131366908242471,13.111382989965803,172.3906072553283
M42852,133,SeasonalNaive,0.9185531087856061,14.621134439268003,204.41444444444448
M42852,133,Theta,0.8159114770646843,13.010017773101925,181.57261643861204
M42852,133,ETS,0.7707209488321807,12.378925956374234,171.5159342125718
M42852,133,ARIMA,0.7387169030087127,11.976209006890208,164.39376655083709
M42852,133,ENSEMBLE,0.739739455225804,12.004431719892985,164.62132491558802
M21606,188,SeasonalNaive,0.45221532869587017,5.867960125132313,91.11111111111111
M21606,188,Theta,0.4569017186592268,5.658112690971186,92.05531217986467
M21606,188,ETS,0.44548767650867027,5.519184976476261,89.75564209657641
M21606,188,ARIMA,0.5049176011133922,6.2568956355527625,101.72942122432323
M21606,188,ENSEMBLE,0.4475146061699049,5.5386861855111045,90.16402235673198
M21606,206,SeasonalNaive,0.19969724492885255,2.4243852381020705,37.77777777777778
M21606,206,Theta,0.5292893166028483,6.629053150652067,100.12844288311614
M21606,206,ETS,2.716057867439976,40.72188981512531,513.8109470878718
M21606,206,ARIMA,0.28909878299449704,3.511745536793009,54.69033678297959
M21606,206,ENSEMBLE,1.1781486556791072,15.36981961556268,222.87657558465585
M21384,150,SeasonalNaive,1.0505129595053102,12.982679942018956,1263.888888888889
M21384,150,Theta,1.190943037081633,14.651175872264771,1432.84255396133
M21384,150,ETS,0.7952597522879757,10.138189311938032,956.7896860316856
M21384,150,ARIMA,1.274160513806638,15.60271206672123,1532.9628268646095
M21384,150,ENSEMBLE,1.0867877677254154,13.512981506963873,1307.5316889525416
M21384,168,SeasonalNaive,1.776518391787853,26.287208124450594,2130.0
M21384,168,Theta,1.1082178028900833,17.62895801413085,1328.72472982411
M21384,168,ETS,0.9602634539836787,19.466773017184018,1151.331259186585
M21384,168,ARIMA,1.0323970682372672,16.549721316646348,1237.817613096785
M21384,168,ENSEMBLE,0.41936251833173926,7.079770650104805,502.8049065946699
M23888,396,SeasonalNaive,0.9460311205179469,2.245068394485487,196.23548994444477
M23888,396,Theta,1.6846025396675464,3.956437145950617,349.43755819821956
M23888,396,ETS,1.4210092647423012,3.3500313042353365,294.7603342368172
M23888,396,ARIMA,1.552505436767554,3.6526309280316553,322.0366205909773
M23888,396,ENSEMBLE,1.5527057470591343,3.6538279427975615,322.07817100867146
M23888,414,SeasonalNaive,0.9605610609392025,2.271532334672218,197.9409062777778
M23888,414,Theta,0.8454853416888126,1.998061485406785,174.2274818165389
M23888,414,ETS,0.6165197348422234,1.448671303561057,127.0449948631938
M23888,414,ARIMA,0.7488106217004814,1.7620156656343509,154.30591465460304
M23888,414,ENSEMBLE,0.7336924494871676,1.7278172595535084,151.19054299229467
M39702,34,SeasonalNaive,2.6344730321259298,29.007422556281583,440.198888888889
M39702,34,Theta,1.1520386957895132,11.53463470783627,192.49624029528024
M39702,34,ETS,0.7486114833761546,7.369152544320993,125.08685386910959
M39702,34,ARIMA,0.910553786834422,9.033464915693871,152.14608779450322
M39702,34,ENSEMBLE,0.9370679886666965,9.292224417171106,156.57639398629766
M39702,52,SeasonalNaive,2.72810452947485,29.73375737308656,643.9411111111111
M39702,52,Theta,1.6161451019429542,16.199695049003505,381.47448582633945
M39702,52,ETS,1.2575657692311144,12.272300352417249,296.83550977786996
M39702,52,ARIMA,1.2560907313754408,12.256535539571392,296.4873422111762
M39702,52,ENSEMBLE,1.3766005341831695,13.555240669103068,324.9324459384618
M39460,177,SeasonalNaive,1.8940688517446385,42.5746269136964,1352.2388888888888
M39460,177,Theta,1.3671603711434215,33.3940500740487,976.06136097166
M39460,177,ETS,1.312496965204778,32.03115826264458,937.0353333585311
M39460,177,ARIMA,1.4581165930279483,35.04339116481245,1040.9980396490864
M39460,177,ENSEMBLE,1.379257976458716,33.5482581506958,984.6982446597592
M39460,195,SeasonalNaive,1.4221677980421863,53.79264329996548,1066.9833333333333
M39460,195,Theta,0.26356017272884213,14.090218905635162,197.73637964469458
M39460,195,ETS,0.4361030400293861,24.16593715785776,327.18690155122727
M39460,195,ARIMA,0.9298506913519065,40.26510107908709,697.6217514745975
M39460,195,ENSEMBLE,0.4086125231220251,20.94708348180174,306.56210368612875
M36463,68,SeasonalNaive,1.3800088443816778,23.796807541397225,1919.4444444444443
M36463,68,Theta,0.7337609305027213,11.815840114177133,1020.5828370867314
M36463,68,ETS,0.986238983954327,14.052323474772896,1371.7527582179023
M36463,68,ARIMA,0.9603313191900422,13.70657574338776,1335.7179723520069
M36463,68,ENSEMBLE,0.8064865930328194,12.154687262671331,1121.736441630827
M36463,86,SeasonalNaive,1.833828962782734,34.78102722320928,2750.0
M36463,86,Theta,1.0004177392227078,20.852259489334333,1500.2210340749173
M36463,86,ETS,1.5777307115995027,51.893086557975266,2365.9564468404974
M36463,86,ARIMA,1.4922553849995672,48.07387391824502,2237.7781091000265
M36463,86,ENSEMBLE,0.7889819885211972,21.36827024078973,1183.1531252188818
M22397,270,SeasonalNaive,1.532707335294889,2.4834712659702536,55.92777777777779
M22397,270,Theta,0.9781111960713161,1.5943080949332533,35.690822609202286
M22397,270,ETS,0.9976866018332606,1.6257829882530586,36.40512006061575
M22397,270,ARIMA,1.1239974615074992,1.8293435327890926,41.01414458089165
M22397,270,ENSEMBLE,1.0332650864706938,1.683218158000306,37.703362416903296
M22397,288,SeasonalNaive,2.039785683949165,3.459824134048268,75.40555555555554
M22397,288,Theta,0.9577555217207202,1.6463887496735847,35.40572314534966
M22397,288,ETS,0.9302277979178831,1.5994759516329238,34.388095007812176
M22397,288,ARIMA,0.881800689815719,1.517471127114818,32.59787115286152
M22397,288,ENSEMBLE,0.9228524336705369,1.5871136590384194,34.11544703166843
M34401,46,SeasonalNaive,0.9676501728340473,7.965946302448519,230.35105666666672
M34401,46,Theta,1.3318439324377862,10.83786255070775,317.0481086709295
M34401,46,ETS,1.1478263512231692,9.407741173067357,273.24235586061
M34401,46,ARIMA,1.2951069895528624,10.536224512923486,308.30280602972744
M34401,46,ENSEMBLE,1.234067561950274,10.060144696622794,293.7722483536982
M34401,64,SeasonalNaive,0.9459776291980162,8.213445456381685,219.91700000000003
M34401,64,Theta,0.6179876377427674,5.499232733199498,143.66723179774874
M34401,64,ETS,0.6890609777888796,6.108112679091702,160.19007043630293
M34401,64,ARIMA,0.7168494967108515,6.341568910473579,166.65023136097957
M34401,64,ENSEMBLE,0.6737038228597151,5.976548508559366,156.61990203451916
M7405,33,SeasonalNaive,0.7449139280125195,58.889148791123894,1511.111111111111
M7405,33,Theta,0.24969365958748554,24.977062106877653,506.52142373461356
M7405,33,ETS,1.0286681284538284,71.65694459062784,2086.7267748634804
M7405,33,ARIMA,0.35204266189177447,33.090109611741426,714.1436855518854
M7405,33,ENSEMBLE,0.5355740951958613,46.968823430980166,1086.4503073973187
M7405,51,SeasonalNaive,0.4019916142557652,33.02250364053162,655.5555555555555
M7405,51,Theta,0.6397531318999837,60.89689754506056,1043.2897227907426
M7405,51,ETS,0.9028868597689421,104.66509474134753,1472.400109777044
M7405,51,ARIMA,0.5564005953776764,52.22409831450277,907.3609709235952
M7405,51,ENSEMBLE,0.6996801956822007,70.44607265328199,1141.0169344971273
M10900,270,SeasonalNaive,1.624993697373065,3.467027793815078,83.27777777777777
M10900,270,Theta,0.8733474937528827,1.8441471798431668,44.757366520932614
M10900,270,ETS,0.5604687179045225,1.1786460024103602,28.722935612920917
M10900,270,ARIMA,0.5793487204068288,1.2178044891548485,29.69049915201198
M10900,270,ENSEMBLE,0.6694096869256032,1.4093537283156907,34.30594914934235
M10900,288,SeasonalNaive,0.8295502019217379,1.7577346638116862,43.166666666666664
M10900,288,Theta,0.4380466131929566,0.9117004455153955,22.79429514013494
M10900,288,ETS,1.645895605984893,3.373094890017237,85.646205409982
M10900,288,ARIMA,1.17650460485234,2.425667417876033,61.220866430758356
M10900,288,ENSEMBLE,1.0868156080100633,2.24356562559374,56.5537889936251
M4121,132,SeasonalNaive,2.6226566933089464,75.40548823762522,9191.255555555555
M4121,132,Theta,1.2969442010016474,40.45372299719833,4545.217688275499
M4121,132,ETS,2.646791380672192,63.77423257560994,9275.836995389052
M4121,132,ARIMA,1.5561439323447617,46.6388268347012,5453.598482751548
M4121,132,ENSEMBLE,1.6320210563061497,47.40081826095775,5719.514353070733
M4121,150,SeasonalNaive,1.0707677673520697,48.8942116844502,4424.4
M4121,150,Theta,1.0105507067262895,48.81448974136335,4175.583803663095
M4121,150,ETS,0.9506639948672807,46.56512226332782,3928.1326046003587
M4121,150,ARIMA,1.0230898420567123,49.18949931441543,4227.395365467122
M4121,150,ENSEMBLE,0.984186118670018,47.87007852353818,4066.6456314909647
M8755,33,SeasonalNaive,1.6721447543160692,43.046267260618166,799.4444444444445
M8755,33,Theta,0.24119061588379317,7.4429594904572856,115.31208492729921
M8755,33,ETS,0.6482480432449775,32.37091592128716,309.9243025799797
M8755,33,ARIMA,0.5424280055615941,25.445239744703173,259.33224646849544
M8755,33,ENSEMBLE,0.40189766399643956,17.104937068258906,192.14535935829775
M8755,51,SeasonalNaive,0.2729306487695749,8.919117083642465,135.55555555555554
M8755,51,Theta,0.7711513584064856,29.803653403878357,383.0051746752212
M8755,51,ETS,0.6450677037709636,27.460942439807038,320.38362620624525
M8755,51,ARIMA,0.6100038920343208,25.590980066802743,302.96859971037935
M8755,51,ENSEMBLE,0.6513423222786168,26.544811536596818,323.50002006504633
M4516,132,SeasonalNaive,0.5089171785512923,14.061654423060014,247.72222222222223
M4516,132,Theta,0.4628770932612408,13.95430662775066,225.31159683948582
M4516,132,ETS,0.9885545232156084,34.0308898848667,481.19209490217366
M4516,132,ARIMA,0.48023902696534293,14.639637140852663,233.7627495624069
M4516,132,ENSEMBLE,0.5947479982192155,18.637281594011924,289.5015181065128
M4516,150,SeasonalNaive,0.8908528681998298,26.76511465606017,406.73888888888894
M4516,150,Theta,0.6038678852000677,18.724102651900253,275.70944813623674
M4516,150,ETS,0.7528548321448,22.936767663355457,343.7327855720827
M4516,150,ARIMA,0.635670348640775,19.79108067186299,290.2295772232559
M4516,150,ENSEMBLE,0.6484055617101406,20.057563217368074,296.044124830948
M30303,175,SeasonalNaive,0.3354611966991093,3.679810408632319,102.87388888888884
M30303,175,Theta,0.4171754657214417,4.574699862850462,127.93271749486965
M30303,175,ETS,0.5120643826288128,5.602804214996354,157.03173696647647
M30303,175,ARIMA,0.40077755080410526,4.43942319880651,122.90406650985395
M30303,175,ENSEMBLE,0.4387028312626081,4.824314588026139,134.53438657774373
M30303,193,SeasonalNaive,1.0861089761647318,13.054185964846146,313.7005555555556
M30303,193,Theta,1.2134314692786456,14.331640795284509,350.47507606968793
M30303,193,ETS,1.114341826396716,13.37164784855554,321.8550418889297
M30303,193,ARIMA,1.130648847868482,13.528635540288175,326.5649943959178
M30303,193,ENSEMBLE,1.1217527475341411,13.43161791716904,323.9955361938364
M26230,155,SeasonalNaive,1.9223105692840876,8.690883667528936,526.5555749999999
M26230,155,Theta,1.580696371065506,7.2108298258960115,432.98127777385486
M26230,155,ETS,0.6455284743419337,3.136642319884278,176.8219050642678
M26230,155,ARIMA,0.7742468380598729,3.6139853221278226,212.08018908119462
M26230,155,ENSEMBLE,0.7056094561118857,3.2960580404858537,193.2791708193136
M26230,173,SeasonalNaive,1.286268397490881,6.346239516021938,374.1241488888888
M26230,173,Theta,0.4099566298909329,1.9721882663169508,119.24002450693018
M26230,173,ETS,2.0285165644119076,9.077605572507078,590.0145215788822
M26230,173,ARIMA,0.9587286694948778,4.45457352463948,278.8559123351165
M26230,173,ENSEMBLE,0.9173544276851866,4.259858385671332,266.82179641252304
M21039,150,SeasonalNaive,1.1909686021688413,3.1946331850857406,40.56111111111113
M21039,150,Theta,0.8243477956997831,2.1994749357960663,28.07501597832906
M21039,150,ETS,0.6455726225635484,1.7207531592618968,21.986425860771167
M21039,150,ARIMA,0.554331911028451,1.4775512394934447,18.87901846842476
M21039,150,ENSEMBLE,0.6512497186559343,1.7348502483763586,22.179772121094388
M21039,168,SeasonalNaive,1.6657690738474102,4.2763041629198,56.705555555555584
M21039,168,Theta,0.7486583430983974,1.8842573548847754,25.48557776297461
M21039,168,ETS,0.4552337645429309,1.142467361142554,15.496916067982271
M21039,168,ARIMA,0.5303351282264595,1.329505135340663,18.053491656709056
M21039,168,ENSEMBLE,0.5647339192396632,1.4164649903222493,19.224483834116867
M21597,270,SeasonalNaive,1.718706928956271,4.434898152536344,531.6666666666666
M21597,270,Theta,0.49360875524674136,1.2417903219458954,152.69346804745126
M21597,270,ETS,0.38277140832339096,0.9647947830416032,118.4069228615885
M21597,270,ARIMA,0.2858258874195887,0.7290669701709589,88.41769021301307
M21597,270,ENSEMBLE,0.3092355025449784,0.7857114801052788,95.65924596168497
M21597,288,SeasonalNaive,0.23823224766946716,0.6168953617613622,75.0
M21597,288,Theta,1.1843914212884084,2.999723698800085,372.8687340425717
M21597,288,ETS,1.023008655200944,2.5828783909910493,322.06239873336966
M21597,288,ARIMA,1.2214303820076657,3.0803586869096824,384.52929671248575
M21597,288,ENSEMBLE,1.142943486165671,2.8886117006163072,359.82014316280856
M32528,32,SeasonalNaive,1.02402400837785,47.12624002465364,1611.6532222222222
M32528,32,Theta,0.9529248139947776,41.06985956687642,1499.7542386169455
M32528,32,ETS,0.9965281873944314,42.467088355344394,1568.3791113390516
M32528,32,ARIMA,1.2633939452609748,50.217325958915076,1988.3839696701575
M32528,32,ENSEMBLE,1.038950591911268,44.15251555475383,1635.1453242155244
M32528,50,SeasonalNaive,0.909855488475303,49.73145333883155,1633.7182222222223
M32528,50,Theta,0.714683853570929,41.157830207453394,1283.2719585650093
M32528,50,ETS,1.4124135740245287,107.6760885878853,2536.1014165718498
M32528,50,ARIMA,0.7027258662541409,40.61864256464044,1261.8004369574664
M32528,50,ENSEMBLE,0.9184272380179753,56.519753161459306,1649.1094833637646
M6144,234,SeasonalNaive,1.3133831945919017,16.29458983447105,1574.7499999999998
M6144,234,Theta,0.841570303854543,11.064372651943984,1009.0450688359318
M6144,234,ETS,0.9732004024431642,12.54390993293927,1166.8699128007117
M6144,234,ARIMA,1.002385620922271,12.878180541118821,1201.8630686361298
M6144,234,ENSEMBLE,0.8748974365373994,11.359403401455726,1049.0043909960082
M6144,252,SeasonalNaive,3.0470722883520214,32.31209576195745,3675.505555555556
M6144,252,Theta,2.3493891196727614,23.738734395005153,2833.931047362604
M6144,252,ETS,2.6730436304213803,27.48316097597062,3224.336603832203
M6144,252,ARIMA,2.5087011528071486,25.4747225894166,3026.0998597306825
M6144,252,ENSEMBLE,2.5103779676337634,25.531137648722527,3028.12250364183
M44444,157,SeasonalNaive,0.780152408363831,16.566743230275208,669.2811500000001
M44444,157,Theta,0.6662927176403526,13.843787906039317,571.602614461191
M44444,157,ETS,0.8540294362104289,18.14877308692718,732.6591536127175
M44444,157,ARIMA,0.6538069561580402,13.573187555244337,560.8912653530939
M44444,157,ENSEMBLE,0.7244485865774094,15.152205600981818,621.4936696244672
M44444,175,SeasonalNaive,1.0293085752136426,16.4834632990384,848.082161111111
M44444,175,Theta,0.7768396455198906,12.01241721242178,640.0644678128259
M44444,175,ETS,0.5064900803137918,7.63863204409472,417.3143139361339
M44444,175,ARIMA,0.6964036916292101,10.659820829249897,573.7905639036089
M44444,175,ENSEMBLE,0.6496133917820278,9.892439416069374,535.238452739861
M32781,115,SeasonalNaive,0.932391237897326,21.391671798117994,179.60555555555558
M32781,115,Theta,1.0820296308432304,24.071401915122223,208.43024373913246
M32781,115,ETS,0.9983613365340539,22.405165692485692,192.31330712390425
M32781,115,ARIMA,1.0088697839970506,22.682932798780442,194.3375384421588
M32781,115,ENSEMBLE,1.0267507470564192,22.98792661989002,197.78192978091556
M32781,133,SeasonalNaive,1.7664753773293802,38.7441883760477,340.2944444444444
M32781,133,Theta,0.9867786190503335,17.014111487419676,190.09338384724978
M32781,133,ETS,0.847177986830399,14.280120370292382,163.20066844625958
M32781,133,ARIMA,1.2034847547869891,22.31742330169259,231.83973084683052
M32781,133,ENSEMBLE,1.007583580450767,17.606664578283187,194.10125900492795
M17782,33,SeasonalNaive,0.6550802139037434,17.726361831005956,291.6666666666667
M17782,33,Theta,0.33786275144256506,10.297666549154123,150.4293679041897
M17782,33,ETS,0.7024718978890124,25.020846729807825,312.76724977439363
M17782,33,ARIMA,0.6851398849900483,23.986945907956375,305.05037736461674
M17782,33,ENSEMBLE,0.5470693093221948,18.472624504736743,243.57609724583432
M17782,51,SeasonalNaive,1.1825699745547074,30.759535526318302,397.22222222222223
M17782,51,Theta,0.5330916597291164,15.521454556904091,179.0641216013186
M17782,51,ETS,0.35245208571303854,10.193191272621496,118.38775186771295
M17782,51,ARIMA,0.6116008436771098,17.637305422858077,205.4351551838497
M17782,51,ENSEMBLE,0.47772994226993043,14.036690163333933,160.46826265989972
M17009,281,SeasonalNaive,1.2000316443286336,23.246800497503877,245.84611111111113
M17009,281,Theta,0.7449101692165103,15.354926524644409,152.60703256825698
M17009,281,ETS,0.3644697093502132,8.529234420054857,74.66758154671513
M17009,281,ARIMA,0.24202966653786326,5.33502671159998,49.583736039845476
M17009,281,ENSEMBLE,0.2554887308784995,5.619946480113451,52.34104551828912
M17009,299,SeasonalNaive,1.0527328221208128,26.103881819962382,213.7527777777778
M17009,299,Theta,0.48929819461585483,13.334779279481564,99.34985027833393
M17009,299,ETS,0.38257700757897517,12.310144507688172,77.68058178253617
M17009,299,ARIMA,0.09423078537159998,2.695612872306307,19.133147273572476
M17009,299,ENSEMBLE,0.09779699260259198,2.808162347418366,19.85724999530585
M2103,270,SeasonalNaive,0.2654730668313011,0.4658979285508159,6.666666666666667
M2103,270,Theta,0.6532152289522378,1.1408551716701392,16.403804141013755
M2103,270,ETS,0.798012123423495,1.3828146088389788,20.040002122716373
M2103,270,ARIMA,0.18837533343521132,0.3325149241713686,4.730557307467961
M2103,270,ENSEMBLE,0.5377269732510322,0.9387397507488561,13.50361651043968
M2103,288,SeasonalNaive,1.3404158445894674,2.1759407440181424,32.0
M2103,288,Theta,1.0332356132351448,1.6710591558130437,24.66662846234192
M2103,288,ETS,0.5764661358810774,0.9282163885204093,13.762084671450793
M2103,288,ARIMA,1.314431590841556,2.1295273074411742,31.379673014692077
M2103,288,ENSEMBLE,0.9614302717359934,1.5530110011859173,22.952406016190075
